﻿<?xml version="1.0" encoding="utf-8" ?>
<Tree>
  <TreeNode Text="基本用法" IsNew="true">
    <TreeNode Text="配置信息" IsNew="true">
      <TreeNode Text="更新记录" NavigateUrl="http://fineui.com/version_pro/index.html?from=demo">
      </TreeNode>
      <TreeNode Text="配置 Web.config" NavigateUrl="~/config/modify_webconfig.htm" >
      </TreeNode>
      <TreeNode Text="图标列表" NavigateUrl="~/config/icons.aspx" IsNew="true">
      </TreeNode>
      <TreeNode Text="图标字体列表" NavigateUrl="~/config/icons_font.aspx" IsNew="true">
      </TreeNode>
      <TreeNode Text="安装工具箱" NavigateUrl="~/config/install_toolbox.htm" >
      </TreeNode>
      <TreeNode Text="IIS6中启用GZIP压缩" NavigateUrl="~/config/enable_gzip_iis6.htm" >
      </TreeNode>
      <TreeNode Text="AJAX 属性列表" NavigateUrl="~/config/ajax.aspx" IsNew="true">
      </TreeNode>
    </TreeNode>
    <TreeNode Text="你好 FineUI" NavigateUrl="~/basic/hello.aspx" >
    </TreeNode>
    <TreeNode Text="你好 AspNet" NavigateUrl="~/basic/hello_aspnet.aspx">
    </TreeNode>
    <TreeNode Text="登录页面" NavigateUrl="~/basic/login.aspx" >
    </TreeNode>
    <TreeNode Text="登录页面（验证码）" NavigateUrl="~/basic/login_captcha.aspx" >
    </TreeNode>
  </TreeNode>
  <TreeNode Text="表单控件" IsNew="true">
    <TreeNode Text="按钮控件" IsNew="true">
      <TreeNode Text="简单按钮" NavigateUrl="~/button/button.aspx" >
      </TreeNode>
      <TreeNode Text="按钮图标" NavigateUrl="~/button/button_icon.aspx" >
      </TreeNode>
      <TreeNode Text="按钮图标（图标字体）" NavigateUrl="~/button/button_iconfont.aspx" IsNew="true">
      </TreeNode>
      <TreeNode Text="按钮的点击事件" NavigateUrl="~/button/button_click.aspx" >
      </TreeNode>
      <TreeNode Text="链接按钮" NavigateUrl="~/button/button_linkbutton.aspx" >
      </TreeNode>
      <TreeNode Text="菜单按钮" NavigateUrl="~/button/button_menu.aspx" >
      </TreeNode>
      <TreeNode Text="菜单按钮（MenuID属性）" NavigateUrl="~/button/button_menu_menuid.aspx" >
      </TreeNode>
      <TreeNode Text="自定义按钮" NavigateUrl="~/button/button_custom.aspx" >
      </TreeNode>
    </TreeNode>
    <TreeNode Text="基本元素">
      <TreeNode Text="文本标签" NavigateUrl="~/form/label.aspx" >
      </TreeNode>
      <TreeNode Text="超链接" NavigateUrl="~/form/hyperlink.aspx" >
      </TreeNode>
      <TreeNode Text="图片控件" NavigateUrl="~/form/image.aspx" >
      </TreeNode>
      <TreeNode Text="提示信息" NavigateUrl="~/form/tooltip.aspx" >
      </TreeNode>
      <TreeNode Text="日期控件" NavigateUrl="~/form/calendar.aspx" >
      </TreeNode>
    </TreeNode>
    <TreeNode Text="输入框">
      <TreeNode Text="文本框" NavigateUrl="~/form/textbox.aspx" >
      </TreeNode>
      <TreeNode Text="文本框自动回发" NavigateUrl="~/form/textbox_autopostback.aspx" >
      </TreeNode>
      <TreeNode Text="自动扩展高度" NavigateUrl="~/form/textarea_autogrow.aspx" >
      </TreeNode>
      <TreeNode Text="富文本编辑器" NavigateUrl="~/form/htmleditor.aspx" >
      </TreeNode>
      <TreeNode Text="触发器输入框" NavigateUrl="~/form/triggerbox.aspx" >
      </TreeNode>
      <TreeNode Text="两个触发器输入框" NavigateUrl="~/form/twintriggerbox.aspx" >
      </TreeNode>
      <TreeNode Text="数字输入框" NavigateUrl="~/form/numberbox.aspx" >
      </TreeNode>
      <TreeNode Text="日期选择框" NavigateUrl="~/form/datepicker.aspx" >
      </TreeNode>
      <TreeNode Text="日期选择框（自动回发）" NavigateUrl="~/form/datepicker_autopostback.aspx" >
      </TreeNode>
      <TreeNode Text="日期选择框（限制范围）" NavigateUrl="~/form/datepicker_range.aspx" >
      </TreeNode>
      <TreeNode Text="时间选择框" NavigateUrl="~/form/timepicker.aspx" >
      </TreeNode>
    </TreeNode>
    <TreeNode Text="选择框">
      <TreeNode Text="复选框" NavigateUrl="~/form/checkbox.aspx" >
      </TreeNode>
      <TreeNode Text="复选框列表" NavigateUrl="~/form/checkboxlist.aspx" >
      </TreeNode>
      <TreeNode Text="更新复选框列表" NavigateUrl="~/form/checkboxlist_update.aspx" >
      </TreeNode>
      <TreeNode Text="单选框" NavigateUrl="~/form/radiobutton.aspx" >
      </TreeNode>
      <TreeNode Text="单选框列表" NavigateUrl="~/form/radiobuttonlist.aspx" >
      </TreeNode>
      <TreeNode Text="更新单选框列表" NavigateUrl="~/form/radiobuttonlist_update.aspx" >
      </TreeNode>
    </TreeNode>
    <TreeNode Text="表单验证">
      <TreeNode Text="表单验证" NavigateUrl="~/form/form_compare.aspx" >
      </TreeNode>
      <TreeNode Text="验证多个表单" NavigateUrl="~/form/form.aspx" >
      </TreeNode>
      <TreeNode Text="服务器端验证" NavigateUrl="~/form/form_validate.aspx" >
      </TreeNode>
    </TreeNode>
    <TreeNode Text="动态创建表单元素">
      <TreeNode Text="动态创建表单元素" NavigateUrl="~/form/form_dynamic.aspx" >
      </TreeNode>
    </TreeNode>
    <TreeNode Text="上传控件">
      <TreeNode Text="上传控件" NavigateUrl="~/form/fileupload.aspx" >
      </TreeNode>
      <TreeNode Text="上传控件（自动回发）" NavigateUrl="~/form/fileupload_autopostback.aspx" >
      </TreeNode>
      <TreeNode Text="工具栏中的上传控件" NavigateUrl="~/form/fileupload_toolbar.aspx" >
      </TreeNode>
    </TreeNode>
    <TreeNode Text="表单布局" IsNew="true">
      <TreeNode Text="按钮与表单" NavigateUrl="~/form/layout_panel.aspx" >
      </TreeNode>
      <TreeNode Text="自定义表单布局" NavigateUrl="~/form/layout_panel2.aspx" >
      </TreeNode>
      <TreeNode Text="复杂布局（联系我们）" NavigateUrl="~/form/layout_contactus.aspx" IsNew="true" >
      </TreeNode>
      <TreeNode Text="复杂布局（账单信息）" NavigateUrl="~/form/layout_checkout.aspx" IsNew="true" >
      </TreeNode>
    </TreeNode>
    <TreeNode Text="下拉列表控件" IsNew="true">
      <TreeNode Text="下拉列表" NavigateUrl="~/dropdownlist/dropdownlist.aspx" >
      </TreeNode>
      <!--<TreeNode Text="下拉列表（选项值可为空）" NavigateUrl="~/dropdownlist/dropdownlist_emptyvalue.aspx" >
      </TreeNode>-->
      <TreeNode Text="下拉列表（默认为空）" NavigateUrl="~/dropdownlist/dropdownlist_emptytext.aspx" IsNew="true">
      </TreeNode>
      <TreeNode Text="下拉列表（可过滤，强制选择）" NavigateUrl="~/dropdownlist/dropdownlist_enableedit.aspx" >
      </TreeNode>
      <TreeNode Text="下拉列表（不强制选择）" NavigateUrl="~/dropdownlist/dropdownlist_forceselection.aspx" >
      </TreeNode>
      <TreeNode Text="模拟树的下拉列表" NavigateUrl="~/dropdownlist/dropdownlist_simulate_tree.aspx" >
      </TreeNode>
      <TreeNode Text="中国省市县联动" NavigateUrl="~/dropdownlist/shengshixian.aspx" >
      </TreeNode>
      <TreeNode Text="下拉列表（MatchFieldWidth）" NavigateUrl="~/dropdownlist/dropdownlist_matchfieldwidth.aspx" IsNew="true">
      </TreeNode>
      <TreeNode Text="数据绑定">
        <TreeNode Text="绑定到简单列表" NavigateUrl="~/dropdownlist/databind/dropdownlist_simplelist.aspx" >
        </TreeNode>
        <TreeNode Text="绑定到复合列表" NavigateUrl="~/dropdownlist/databind/dropdownlist_compositelist.aspx" >
        </TreeNode>
        <TreeNode Text="绑定到DataTable" NavigateUrl="~/dropdownlist/databind/dropdownlist_datatable.aspx" >
        </TreeNode>
      </TreeNode>
      <TreeNode Text="多选" IsNew="true">
        <TreeNode Text="下拉列表（多选）" NavigateUrl="~/dropdownlist/multiselect.aspx" IsNew="true">
        </TreeNode>
        <TreeNode Text="下拉列表（多选复选框）" NavigateUrl="~/dropdownlist/multiselect_checkboxselect.aspx" IsNew="true">
        </TreeNode>
        <TreeNode Text="下拉列表（多选，可过滤，强制选择）" NavigateUrl="~/dropdownlist/multiselect_enableedit.aspx" IsNew="true">
        </TreeNode>
      </TreeNode>
      <TreeNode Text="自定义表项" IsNew="true">
        <TreeNode Text="列表项图标" NavigateUrl="~/dropdownlist/dropdownlist_itemicon.aspx" IsNew="true">
        </TreeNode>
        <TreeNode Text="自定义列表项（ItemDataBound）" NavigateUrl="~/dropdownlist/dropdownlist_customitem.aspx" IsNew="true">
        </TreeNode>
        <TreeNode Text="自定义列表项（DataDisplayFields）" NavigateUrl="~/dropdownlist/dropdownlist_datadisplayfields.aspx" IsNew="true">
        </TreeNode>
        <TreeNode Text="列表项分组" NavigateUrl="~/dropdownlist/dropdownlist_group.aspx" IsNew="true">
        </TreeNode>
        <TreeNode Text="分组+自定义列表项" NavigateUrl="~/dropdownlist/dropdownlist_datadisplayfields_group.aspx" IsNew="true">
        </TreeNode>
        <TreeNode Text="分组+自定义列表项+多选+复选框" NavigateUrl="~/dropdownlist/dropdownlist_datadisplayfields_group_multiselect.aspx" IsNew="true">
        </TreeNode>
      </TreeNode>
    </TreeNode>
    <TreeNode Text="下拉框控件" IsNew="true">
      <TreeNode Text="下拉单选框列表" NavigateUrl="~/dropdownbox/dropdownbox_radiobuttonlist.aspx" IsNew="true">
      </TreeNode>
      <TreeNode Text="下拉单选框列表（滚动条）" NavigateUrl="~/dropdownbox/dropdownbox_radiobuttonlist_autoscroll.aspx" IsNew="true">
      </TreeNode>
      <TreeNode Text="下拉单选框列表（MatchFieldWidth）" NavigateUrl="~/dropdownbox/dropdownbox_radiobuttonlist_matchfieldwidth.aspx" IsNew="true">
      </TreeNode>
      <TreeNode Text="下拉复选框列表" NavigateUrl="~/dropdownbox/dropdownbox_checkboxlist.aspx" IsNew="true">
      </TreeNode>
      <TreeNode Text="下拉树" NavigateUrl="~/dropdownbox/dropdownbox_tree.aspx" IsNew="true">
      </TreeNode>
      <TreeNode Text="下拉树（多选）" NavigateUrl="~/dropdownbox/dropdownbox_tree_multiselect.aspx" IsNew="true">
      </TreeNode>
      <TreeNode Text="下拉树（多选，延迟加载）" NavigateUrl="~/dropdownbox/dropdownbox_tree_multiselect_lazyload.aspx" IsNew="true">
      </TreeNode>
      <TreeNode Text="下拉表格" NavigateUrl="~/dropdownbox/dropdownbox_grid.aspx" IsNew="true">
      </TreeNode>
      <TreeNode Text="下拉表格（多选）" NavigateUrl="~/dropdownbox/dropdownbox_grid_multiselect.aspx" IsNew="true">
      </TreeNode>
      <TreeNode Text="下拉表格（内存分页）" NavigateUrl="~/dropdownbox/dropdownbox_grid_paging.aspx" IsNew="true">
      </TreeNode>
      <TreeNode Text="下拉表格（数据库分页）" NavigateUrl="~/dropdownbox/dropdownbox_grid_paging_database.aspx" IsNew="true">
      </TreeNode>
      <TreeNode Text="下拉表格（在表格中查找）" NavigateUrl="~/dropdownbox/dropdownbox_grid_search.aspx" IsNew="true">
      </TreeNode>
      <TreeNode Text="下拉表格（复杂布局）" NavigateUrl="~/dropdownbox/dropdownbox_grid_layout.aspx" IsNew="true">
      </TreeNode>
      <TreeNode Text="自定义下拉框" NavigateUrl="~/dropdownbox/dropdownbox_themes.aspx" IsNew="true">
      </TreeNode>
    </TreeNode>
    <TreeNode Text="杂项" IsNew="true">
      <TreeNode Text="重置表单" NavigateUrl="~/form/form_reset.aspx" >
      </TreeNode>
      <TreeNode Text="隐藏表单字段" NavigateUrl="~/form/form_hide_field.aspx" >
      </TreeNode>
      <TreeNode Text="按钮水平居中" NavigateUrl="~/form/form_center_button.aspx" >
      </TreeNode>
      <TreeNode Text="禁用与只读" NavigateUrl="~/form/form_disabled.aspx" IsNew="true" >
      </TreeNode>
      <TreeNode Text="更新标签和必填项" NavigateUrl="~/form/form_update_label.aspx" IsNew="true" >
      </TreeNode>
    </TreeNode>
  </TreeNode>
  <TreeNode Text="表格控件" IsNew="true">
    <TreeNode Text="FineUI 表格" NavigateUrl="~/grid/grid.aspx" >
    </TreeNode>
    <TreeNode Text="AspNet 表格" NavigateUrl="~/grid/grid_aspnet.aspx" >
    </TreeNode>
    <TreeNode Text="分页与排序">
      <TreeNode Text="排序" NavigateUrl="~/grid/grid_sorting.aspx" >
      </TreeNode>
      <TreeNode Text="内存分页" NavigateUrl="~/grid/grid_paging.aspx" >
      </TreeNode>
      <TreeNode Text="数据库分页" NavigateUrl="~/grid/grid_paging_database.aspx" >
      </TreeNode>
      <TreeNode Text="内存分页与排序" NavigateUrl="~/grid/grid_paging_sorting.aspx" >
      </TreeNode>
      <TreeNode Text="数据库分页与排序" NavigateUrl="~/grid/grid_paging_database_sorting.aspx" >
      </TreeNode>
      <TreeNode Text="内存分页（跨页保持选中行）" NavigateUrl="~/grid/grid_paging_selection.aspx" >
      </TreeNode>
      <TreeNode Text="数据库分页（跨页保持选中行）" NavigateUrl="~/grid/grid_paging_database_selection.aspx" >
      </TreeNode>
    </TreeNode>
    <TreeNode Text="序号列">
      <TreeNode Text="序号列与内存分页" NavigateUrl="~/grid/grid_rownumber_paging.aspx" >
      </TreeNode>
      <TreeNode Text="序号列与数据库分页" NavigateUrl="~/grid/grid_rownumber_paging_database.aspx" >
      </TreeNode>
      <TreeNode Text="序号列的宽度" NavigateUrl="~/grid/grid_rownumber_width.aspx" >
      </TreeNode>
    </TreeNode>
    <TreeNode Text="行选择" IsNew="true">
      <TreeNode Text="行选择（多选）" NavigateUrl="~/grid/grid_checkall.aspx" >
      </TreeNode>
      <TreeNode Text="行选择（单选）" NavigateUrl="~/grid/grid_checkall_singleselect.aspx" IsNew="true">
      </TreeNode>
      <TreeNode Text="行选择（只能通过全选框选中行）" NavigateUrl="~/grid/grid_checkall_only.aspx" >
      </TreeNode>
      <TreeNode Text="行选择（保持当前选中行）" NavigateUrl="~/grid/grid_checkall_keepcurrentselection.aspx" IsNew="true">
      </TreeNode>
    </TreeNode>
    <TreeNode Text="扩展列">
      <TreeNode Text="行扩展列" NavigateUrl="~/grid/grid_rowexpander.aspx" >
      </TreeNode>
      <TreeNode Text="行扩展列（展开全部）" NavigateUrl="~/grid/grid_rowexpander_expandall.aspx" >
      </TreeNode>
      <TreeNode Text="弹出窗体列" NavigateUrl="~/grid/grid_iframe.aspx" >
      </TreeNode>
      <TreeNode Text="模拟树列" NavigateUrl="~/grid/grid_simulate_tree.aspx" >
      </TreeNode>
      <TreeNode Text="模拟树列（数据库分页）" NavigateUrl="~/grid/grid_simulate_tree_database_paging.aspx" >
      </TreeNode>
      <TreeNode Text="模拟树列（数据库分页，下拉列表定位省份）" NavigateUrl="~/grid/grid_simulate_tree_database_paging_dropdownlist.aspx" >
      </TreeNode>
    </TreeNode>
    <TreeNode Text="事件" IsNew="true">
      <TreeNode Text="行内按钮事件" NavigateUrl="~/grid/grid_rowcommand.aspx" >
      </TreeNode>
      <TreeNode Text="行绑定事件" NavigateUrl="~/grid/grid_rowdatabound.aspx" >
      </TreeNode>
      <TreeNode Text="行预绑定事件" NavigateUrl="~/grid/grid_prerowdatabound.aspx" >
      </TreeNode>
      <TreeNode Text="行预绑定事件（Attributes属性）" IsNew="true" NavigateUrl="~/grid/grid_prerowdatabound_attributes.aspx" >
      </TreeNode>
      <TreeNode Text="行预绑定事件（Cancelled属性）" IsNew="true" NavigateUrl="~/grid/grid_prerowdatabound_cancelled.aspx" >
      </TreeNode>
      <TreeNode Text="行单击回发事件" NavigateUrl="~/grid/grid_rowclick.aspx">
      </TreeNode>
      <TreeNode Text="行双击回发事件" NavigateUrl="~/grid/grid_rowdoubleclick.aspx">
      </TreeNode>
      <TreeNode Text="行选中事件" NavigateUrl="~/grid/grid_rowselect.aspx">
      </TreeNode>
    </TreeNode>
    <TreeNode Text="复选框列">
      <TreeNode Text="复选框列" NavigateUrl="~/grid/grid_checkboxfield.aspx" >
      </TreeNode>
      <TreeNode Text="复选框列（自动回发）" NavigateUrl="~/grid/grid_checkboxfield_autopostback.aspx" >
      </TreeNode>
      <TreeNode Text="全选复选框列" NavigateUrl="~/grid/grid_checkboxfield_rowcheckall.aspx" >
      </TreeNode>
      <TreeNode Text="全选复选框列（客户端实现）" NavigateUrl="~/grid/grid_checkboxfield_rowcheckall_clientside.aspx" >
      </TreeNode>
    </TreeNode>
    <TreeNode Text="动态创建列">
      <TreeNode Text="动态创建的列" NavigateUrl="~/grid/grid_dynamic_columns.aspx" >
      </TreeNode>
      <TreeNode Text="动态创建的模板列" NavigateUrl="~/grid/grid_dynamic_columns2.aspx" >
      </TreeNode>
    </TreeNode>
    <TreeNode Text="导出与下载">
      <TreeNode Text="导出文件（ASP.NET的GridView控件）" NavigateUrl="~/grid/grid_excel_aspnet.aspx" >
      </TreeNode>
      <TreeNode Text="导出文件" NavigateUrl="~/grid/grid_excel.aspx" >
      </TreeNode>
      <TreeNode Text="导出文件（动态创建的模版列）" NavigateUrl="~/grid/grid_excel_dynamic_columns.aspx" >
      </TreeNode>
      <TreeNode Text="导出文件（选择需要导出的列）" NavigateUrl="~/grid/grid_excel_selectcolumns.aspx" >
      </TreeNode>
      <TreeNode Text="行内下载" NavigateUrl="~/grid/grid_rowcommand_download.aspx" >
      </TreeNode>
    </TreeNode>
    <TreeNode Text="分页工具栏">
      <TreeNode Text="重新绑定数据" NavigateUrl="~/grid/grid_pageitems.aspx" >
      </TreeNode>
      <TreeNode Text="显示隐藏行扩展列" NavigateUrl="~/grid/grid_pageitems_rowexpander.aspx" >
      </TreeNode>
      <TreeNode Text="改变每页记录数" NavigateUrl="~/grid/grid_pageitems_pagesize.aspx" >
      </TreeNode>
      <TreeNode Text="改变每页记录数（数据库分页）" NavigateUrl="~/grid/grid_pageitems_pagesize_database.aspx" >
      </TreeNode>
    </TreeNode>
    <TreeNode Text="列宽度">
      <TreeNode Text="固定各列宽度" NavigateUrl="~/grid/grid_width.aspx" >
      </TreeNode>
      <TreeNode Text="自适应列" NavigateUrl="~/grid/grid_width_expandunusedspace.aspx" >
      </TreeNode>
      <TreeNode Text="列宽度自适应" NavigateUrl="~/grid/grid_width_forcefit.aspx" >
      </TreeNode>
    </TreeNode>
    <TreeNode Text="标题栏菜单">
      <TreeNode Text="显示隐藏列" NavigateUrl="~/grid/grid_hdmenu_hidecolumn.aspx" >
      </TreeNode>
      <TreeNode Text="排序" NavigateUrl="~/grid/grid_hdmenu_sorting.aspx" >
      </TreeNode>
    </TreeNode>
    <TreeNode Text="模板列" IsNew="true">
      <TreeNode Text="编辑文本框" NavigateUrl="~/grid/grid_edit.aspx" >
      </TreeNode>
      <TreeNode Text="编辑下拉列表" NavigateUrl="~/grid/grid_edit_dropdownlist.aspx" >
      </TreeNode>
      <TreeNode Text="编辑下拉列表（后台绑定数据）" NavigateUrl="~/grid/grid_edit_dropdownlist2.aspx" >
      </TreeNode>
      <TreeNode Text="后台更新下拉列表" NavigateUrl="~/grid/grid_edit_dropdownlist_update.aspx" >
      </TreeNode>
      <TreeNode Text="编辑单选框列表" NavigateUrl="~/grid/grid_edit_radiobuttonlist.aspx" >
      </TreeNode>
      <TreeNode Text="编辑复选框列表" NavigateUrl="~/grid/grid_edit_checkboxlist.aspx" >
      </TreeNode>
      <TreeNode Text="比较两个模板列的值" NavigateUrl="~/grid/grid_edit_compare.aspx" >
      </TreeNode>
      <TreeNode Text="下拉列表同步到文本框" NavigateUrl="~/grid/grid_edit_dropdownlist_textbox.aspx" >
      </TreeNode>
      <TreeNode Text="定时保存用户输入的值" NavigateUrl="~/grid/grid_edit_save_auto.aspx" >
      </TreeNode>
      <TreeNode Text="遍历表格内所有输入框（纵向）" NavigateUrl="~/grid/grid_edit_enterkey_v.aspx" >
      </TreeNode>
      <TreeNode Text="遍历表格内所有输入框（横向）" NavigateUrl="~/grid/grid_edit_enterkey_h.aspx" >
      </TreeNode>
      <TreeNode Text="购物车" NavigateUrl="~/grid/grid_edit_cart.aspx" IsNew="true" >
      </TreeNode>
    </TreeNode>
    <TreeNode Text="多表头">
      <TreeNode Text="多表头" NavigateUrl="~/grid/grid_groupheader.aspx" >
      </TreeNode>
      <TreeNode Text="多表头与排序" NavigateUrl="~/grid/grid_groupheader_sort.aspx" >
      </TreeNode>
      <TreeNode Text="多表头与标题栏菜单排序" NavigateUrl="~/grid/grid_groupheader_sort_hdmenu.aspx" >
      </TreeNode>
    </TreeNode>
    <TreeNode Text="合计行">
      <TreeNode Text="合计行" NavigateUrl="~/grid/grid_summary.aspx" >
      </TreeNode>
      <TreeNode Text="合计行（纵向+横向滚动条）" NavigateUrl="~/grid/grid_summary_scrollbar_flow.aspx" >
      </TreeNode>
      <TreeNode Text="合计行（浮动到底部、纵向+横向滚动条）" NavigateUrl="~/grid/grid_summary_scrollbar.aspx" >
      </TreeNode>
      <TreeNode Text="合计行（浮动到顶部、当前页合计）" NavigateUrl="~/grid/grid_summary_currentpage.aspx" >
      </TreeNode>
    </TreeNode>
    <TreeNode Text="单元格编辑" IsNew="true">
      <TreeNode Text="单元格编辑" NavigateUrl="~/grid/grid_editor_cell.aspx" >
      </TreeNode>
      <TreeNode Text="单元格编辑（Tab纵向导航）" NavigateUrl="~/grid/grid_editor_cell_vertical_tab.aspx" IsNew="true">
      </TreeNode>
      <TreeNode Text="单元格编辑（Enter键和Tab键行为相同）" NavigateUrl="~/grid/grid_editor_cell_entersameastab.aspx" IsNew="true">
      </TreeNode>
      <TreeNode Text="客户端单元格渲染" NavigateUrl="~/grid/grid_editor_cell_renderfunction.aspx" >
      </TreeNode>
      <TreeNode Text="客户端高亮单元格" NavigateUrl="~/grid/grid_editor_cell_renderfunction_complex.aspx" IsNew="true">
      </TreeNode>
      <TreeNode Text="后台绑定下拉列表" NavigateUrl="~/grid/grid_editor_cell_databind.aspx" >
      </TreeNode>
      <TreeNode Text="服务器端删除行" NavigateUrl="~/grid/grid_editor_cell_delete.aspx" >
      </TreeNode>
      <TreeNode Text="新增行" NavigateUrl="~/grid/grid_editor_cell_new.aspx" >
      </TreeNode>
      <TreeNode Text="新增行与删除行" NavigateUrl="~/grid/grid_editor_cell_new_delete.aspx" >
      </TreeNode>
      <TreeNode Text="失去焦点事件" NavigateUrl="~/grid/grid_editor_cell_afteredit.aspx" >
      </TreeNode>
      <TreeNode Text="客户端验证数据" NavigateUrl="~/grid/grid_editor_cell_client_validate.aspx" IsNew="true">
      </TreeNode>
      <TreeNode Text="从弹出窗体中快速选择" NavigateUrl="~/grid/grid_editor_cell_selectfromwindow.aspx" IsNew="true">
      </TreeNode>
      <TreeNode Text="客户端启用禁用保存按钮" NavigateUrl="~/grid/grid_editor_cell_datachange.aspx" IsNew="true">
      </TreeNode>
      <TreeNode Text="行扩展列与单元格编辑" NavigateUrl="~/grid/grid_editor_cell_afteredit_rowexpander.aspx" IsNew="true">
      </TreeNode>
      <TreeNode Text="行扩展列与新增删除行" NavigateUrl="~/grid/grid_editor_cell_new_delete_rowexpander.aspx" IsNew="true">
      </TreeNode>
    </TreeNode>
    <TreeNode Text="列锁定" IsNew="true">
      <TreeNode Text="列锁定" IsNew="true" NavigateUrl="~/grid/grid_lockcolumn.aspx" >
      </TreeNode>
      <TreeNode Text="列锁定与行扩展列" IsNew="true" NavigateUrl="~/grid/grid_lockcolumn_rowexpander.aspx" >
      </TreeNode>
      <TreeNode Text="列锁定与多表头" IsNew="true" NavigateUrl="~/grid/grid_lockcolumn_groupheader_sort.aspx" >
      </TreeNode>
      <TreeNode Text="列锁定与合计行" IsNew="true" NavigateUrl="~/grid/grid_lockcolumn_summary_scrollbar.aspx" >
      </TreeNode>
      <TreeNode Text="列锁定与单元格编辑" IsNew="true" NavigateUrl="~/grid/grid_lockcolumn_editor_cell_new.aspx" >
      </TreeNode>
      <TreeNode Text="列锁定与自动换行" IsNew="true" NavigateUrl="~/grid/grid_lockcolumn_line_wrap.aspx" >
      </TreeNode>
      <!--<TreeNode Text="列锁定（多列，多行，行高不同）" NavigateUrl="~/grid/grid_lockcolumn_many_columns.aspx" >
      </TreeNode>-->
    </TreeNode>
    <TreeNode Text="过滤" IsNew="true">
      <TreeNode Text="过滤" NavigateUrl="~/grid/grid_filter.aspx" IsNew="true" >
      </TreeNode>
      <TreeNode Text="过滤（操作符）" NavigateUrl="~/grid/grid_filter_operator.aspx" IsNew="true" >
      </TreeNode>
      <TreeNode Text="过滤（多条件）" NavigateUrl="~/grid/grid_filter_multi.aspx" IsNew="true" >
      </TreeNode>
      <TreeNode Text="过滤（多条件匹配符）" NavigateUrl="~/grid/grid_filter_multi_matcher.aspx" IsNew="true" >
      </TreeNode>
      <TreeNode Text="过滤（数字与日期）" NavigateUrl="~/grid/grid_filter_number.aspx" IsNew="true" >
      </TreeNode>
      <TreeNode Text="过滤（复选框列表）" NavigateUrl="~/grid/grid_filter_checkboxlist.aspx" IsNew="true" >
      </TreeNode>
      <TreeNode Text="过滤（带图标的下拉列表+多选）" NavigateUrl="~/grid/grid_filter_dropdownlist.aspx" IsNew="true" >
      </TreeNode>
    </TreeNode>
    <TreeNode Text="杂项" IsNew="true">
      <TreeNode Text="主从表联动" NavigateUrl="~/grid/grid_twogrid.aspx" >
      </TreeNode>
      <TreeNode Text="改变行背景色" NavigateUrl="~/grid/grid_rowcolor.aspx" >
      </TreeNode>
      <TreeNode Text="列文本的显示位置" NavigateUrl="~/grid/grid_centercolumn.aspx" >
      </TreeNode>
      <TreeNode Text="显示隐藏列" NavigateUrl="~/grid/grid_hidecolumn.aspx" >
      </TreeNode>
      <TreeNode Text="绑定到二级属性" NavigateUrl="~/grid/grid_complex_property.aspx" >
      </TreeNode>
      <TreeNode Text="选择表格内文字" NavigateUrl="~/grid/grid_textselection.aspx" >
      </TreeNode>
      <TreeNode Text="文字垂直靠上显示" NavigateUrl="~/grid/grid_text_top.aspx" >
      </TreeNode>
      <TreeNode Text="列分割线" NavigateUrl="~/grid/grid_column_lines.aspx" >
      </TreeNode>
      <TreeNode Text="表格为空的提示" NavigateUrl="~/grid/grid_empty_text.aspx" >
      </TreeNode>
      <TreeNode Text="自动换行" NavigateUrl="~/grid/grid_line_wrap.aspx" >
      </TreeNode>
      <TreeNode Text="右键菜单(全选复选框列）" NavigateUrl="~/grid/grid_checkboxfield_rowcheckall_contextmenu.aspx" >
      </TreeNode>
      <TreeNode Text="隐藏表格标题栏" NavigateUrl="~/grid/grid_hide_gridheader.aspx" IsNew="true">
      </TreeNode>
      <TreeNode Text="在新标签页中打开" NavigateUrl="~/grid/grid_newtab.aspx" IsNew="true">
      </TreeNode>
      <TreeNode Text="在新标签页中打开（同一个标签页）" NavigateUrl="~/grid/grid_newtab_sametab.aspx" IsNew="true">
      </TreeNode>
    </TreeNode>
  </TreeNode>
  <TreeNode Text="树控件" IsNew="true">
    <TreeNode Text="简单树控件" NavigateUrl="~/tree/tree.aspx" >
    </TreeNode>
    <TreeNode Text="图标与链接" NavigateUrl="~/tree/tree_icon.aspx" >
    </TreeNode>
    <TreeNode Text="延迟加载的树控件" NavigateUrl="~/tree/tree_ajax.aspx" >
    </TreeNode>
    <TreeNode Text="树控件（NodeHyperLink）" NavigateUrl="~/tree/tree_nodehyperlink.aspx" IsNew="true">
    </TreeNode>
    <TreeNode Text="数据绑定">
      <TreeNode Text="绑定到 XmlDocument" NavigateUrl="~/tree/databind/tree_document.aspx" >
      </TreeNode>
      <TreeNode Text="绑定到 XmlDataSource" NavigateUrl="~/tree/databind/tree_datasource.aspx" >
      </TreeNode>
      <TreeNode Text="绑定到 SiteMap" NavigateUrl="~/tree/databind/tree_sitemap.aspx" >
      </TreeNode>
      <TreeNode Text="绑定到 DataTable" NavigateUrl="~/tree/databind/tree_datatable.aspx" >
      </TreeNode>
    </TreeNode>
    <TreeNode Text="复选框">
      <TreeNode Text="简单复选框" NavigateUrl="~/tree/checkbox/tree_checked.aspx" >
      </TreeNode>
      <TreeNode Text="全选与反选" NavigateUrl="~/tree/checkbox/tree_checkall.aspx" >
      </TreeNode>
    </TreeNode>
    <TreeNode Text="行选择" IsNew="true">
      <TreeNode Text="行选择（单选）" NavigateUrl="~/tree/select/tree_select.aspx" >
      </TreeNode>
      <TreeNode Text="行选择（多选）" NavigateUrl="~/tree/select/tree_multi_select.aspx" >
      </TreeNode>
      <TreeNode Text="行选择（保持当前选中行）" NavigateUrl="~/tree/select/tree_multi_select_keepcurrentselection.aspx" IsNew="true">
      </TreeNode>
    </TreeNode>
    <TreeNode Text="事件" IsNew="true">
      <TreeNode Text="选中行事件" NavigateUrl="~/tree/tree_nodecommand.aspx" >
      </TreeNode>
      <TreeNode Text="展开折叠事件" NavigateUrl="~/tree/tree_expand.aspx" >
      </TreeNode>
      <TreeNode Text="节点绑定事件" NavigateUrl="~/tree/tree_nodedatabound.aspx" IsNew="true">
      </TreeNode>
    </TreeNode>
    <TreeNode Text="杂项" IsNew="true">
      <TreeNode Text="右键菜单（展开当前节点的全部子节点）" NavigateUrl="~/tree/tree_contextmenu.aspx" IsNew="true">
      </TreeNode>
    </TreeNode>
  </TreeNode>
  <TreeNode Text="导航控件" IsNew="true">
    <TreeNode Text="选项卡控件" IsNew="true">
      <TreeNode Text="基本用法" NavigateUrl="~/tabstrip/tabstrip.aspx" >
      </TreeNode>
      <TreeNode Text="自动回发" NavigateUrl="~/tabstrip/tabstrip_autopostback.aspx" >
      </TreeNode>
      <TreeNode Text="关闭按钮与右键菜单" NavigateUrl="~/tabstrip/tabstrip_enableclose.aspx"  >
      </TreeNode>
      <TreeNode Text="动态添加标签" NavigateUrl="~/tabstrip/tabstrip_addtab.aspx"  >
      </TreeNode>
      <TreeNode Text="内嵌 IFrame" NavigateUrl="~/tabstrip/tabstrip_iframe.aspx" IsNew="true">
      </TreeNode>
      <TreeNode Text="内嵌 IFrame（在IFrame内启用标签）" NavigateUrl="~/tabstrip/tabstrip_iframe_disabled.aspx" >
      </TreeNode>
      <TreeNode Text="客户端添加右键菜单项" NavigateUrl="~/tabstrip/tabstrip_closemenu.aspx" IsNew="true">
      </TreeNode>
    </TreeNode>
    <TreeNode Text="手风琴控件">
      <TreeNode Text="基本用法" NavigateUrl="~/accordion/accordion.aspx" >
      </TreeNode>
      <TreeNode Text="自动回发" NavigateUrl="~/accordion/accordion_autopostback.aspx" >
      </TreeNode>
      <TreeNode Text="手风琴+树控件" NavigateUrl="~/accordion/accordion_tree.aspx" >
      </TreeNode>
    </TreeNode>
    <TreeNode Text="面板与窗体" IsNew="true">
      <TreeNode Text="面板" NavigateUrl="~/window/panel.aspx" >
      </TreeNode>
      <TreeNode Text="面板（标题栏工具图标）" NavigateUrl="~/window/panel_tools.aspx" IsNew="true">
      </TreeNode>
      <TreeNode Text="分组面板" NavigateUrl="~/window/group_panel.aspx" IsNew="true">
      </TreeNode>
      <TreeNode Text="面板的折叠事件" NavigateUrl="~/window/panel_collapse.aspx" >
      </TreeNode>
      <TreeNode Text="窗体" NavigateUrl="~/window/window.aspx" >
      </TreeNode>
      <TreeNode Text="窗体与工具栏" NavigateUrl="~/window/window_toolbar.aspx" >
      </TreeNode>
      <TreeNode Text="窗体与表单" NavigateUrl="~/window/window_form.aspx" IsNew="true">
      </TreeNode>
    </TreeNode>
    <TreeNode Text="工具栏和菜单" IsNew="true">
      <TreeNode Text="内联菜单" NavigateUrl="~/toolbar/menu.aspx" >
      </TreeNode>
      <TreeNode Text="内联菜单（HideOnClick）" NavigateUrl="~/toolbar/menu_hideonclick.aspx" IsNew="true">
      </TreeNode>
      <TreeNode Text="动态添加工具栏菜单" NavigateUrl="~/toolbar/menu_dynamic.aspx" >
      </TreeNode>
      <TreeNode Text="向工具栏中动态添加按钮" NavigateUrl="~/toolbar/menu_dynamic2.aspx" >
      </TreeNode>
      <TreeNode Text="工具栏与IFrame页面" NavigateUrl="~/toolbar/toolbar_iframe.aspx" IsNew="true">
      </TreeNode>
      <TreeNode Text="单选框与复选框菜单" NavigateUrl="~/toolbar/menucheckbox.aspx" >
      </TreeNode>
    </TreeNode>
  </TreeNode>
  <TreeNode Text="页面布局" IsNew="true">
    <TreeNode Text="布局（Fit）" NavigateUrl="~/layout/fit.aspx" >
    </TreeNode>
    <TreeNode Text="布局（Ancho）" NavigateUrl="~/layout/anchor.aspx" >
    </TreeNode>
    <TreeNode Text="布局（Column）" NavigateUrl="~/layout/column.aspx" >
    </TreeNode>
    <TreeNode Text="布局（Absolute）" NavigateUrl="~/layout/absolute.aspx"  >
    </TreeNode>
    <TreeNode Text="布局（Table）" NavigateUrl="~/layout/table.aspx"  >
    </TreeNode>
    <TreeNode Text="布局（HBox）" NavigateUrl="~/layout/hbox.aspx" IsNew="true" >
    </TreeNode>
    <TreeNode Text="布局（VBox）" NavigateUrl="~/layout/vbox.aspx" IsNew="true" >
    </TreeNode>
  </TreeNode>
  <TreeNode Text="内联框架" IsNew="true">
    <TreeNode Text="弹出窗体（本页面或父页面）" NavigateUrl="~/iframe/button_iframe.aspx" >
    </TreeNode>
    <TreeNode Text="表格与编辑窗体" NavigateUrl="~/iframe/grid_iframe.aspx" >
    </TreeNode>
    <TreeNode Text="子窗口向父窗口传值" NavigateUrl="~/iframe/passvalue_iframe.aspx" >
    </TreeNode>
    <TreeNode Text="新窗口中选择省份（JavaScript实现）" NavigateUrl="~/iframe/selectprovince1.aspx" >
    </TreeNode>
    <TreeNode Text="新窗口中选择省份（GetHidePostBackReference）" NavigateUrl="~/iframe/selectprovince3.aspx" >
    </TreeNode>
    <TreeNode Text="新窗口中选择省份（GetHideExecuteScriptReference）" NavigateUrl="~/iframe/selectprovince_executescript.aspx" IsNew="true">
    </TreeNode>
    <TreeNode Text="触发器输入框（传值）" NavigateUrl="~/iframe/triggerbox_iframe.aspx" >
    </TreeNode>
    <TreeNode Text="窗体中的窗体" NavigateUrl="~/iframe/iframe_iframe.aspx">
    </TreeNode>
    <TreeNode Text="回发父页面" NavigateUrl="~/iframe/parent_postback.aspx" >
    </TreeNode>
    <TreeNode Text="回发父页面（改变属性或者注册脚本）" NavigateUrl="~/iframe/parent_postback_top.aspx" IsNew="true">
    </TreeNode>
    <TreeNode Text="顶部菜单框架（左侧树）" NavigateUrl="~/iframe/topmenu/default.aspx" >
    </TreeNode>
    <TreeNode Text="顶部菜单框架（左侧IFrame中的树）" NavigateUrl="~/iframe/topmenu2/default.aspx" >
    </TreeNode>
    <TreeNode Text="顶部菜单框架（左侧IFrame中的手风琴）" NavigateUrl="~/iframe/topmenu3/default.aspx" >
    </TreeNode>
    <TreeNode Text="顶部菜单框架（中间区域选项卡）" NavigateUrl="~/iframe/topmenu4/default.aspx" >
    </TreeNode>
    <TreeNode Text="窗体关闭前的确认对话框" NavigateUrl="~/iframe/window.aspx" >
    </TreeNode>
    <TreeNode Text="保存按钮放在窗体工具栏中" NavigateUrl="~/iframe/window2.aspx" >
    </TreeNode>
  </TreeNode>
  <TreeNode Text="第三方组件">
    <TreeNode Text="My97日期控件">
      <TreeNode Text="My97日期控件" NavigateUrl="~/third-party/my97/my97.aspx" >
      </TreeNode>
    </TreeNode>
    <TreeNode Text="jQueryUI Autocomplete">
      <TreeNode Text="内联数据" NavigateUrl="~/third-party/autocomplete/inline.aspx" >
      </TreeNode>
      <TreeNode Text="自动补全邮件地址" NavigateUrl="~/third-party/autocomplete/email.aspx" >
      </TreeNode>
      <TreeNode Text="多行显示补全数据" NavigateUrl="~/third-party/autocomplete/custom_display.aspx" >
      </TreeNode>
      <TreeNode Text="输入逗号分隔的多个值" NavigateUrl="~/third-party/autocomplete/multi_values.aspx" >
      </TreeNode>
      <TreeNode Text="输入多值（数据来自远程服务器）" NavigateUrl="~/third-party/autocomplete/multi_values_remote.aspx" >
      </TreeNode>
      <TreeNode Text="客户端缓存（数据来自远程服务器）" NavigateUrl="~/third-party/autocomplete/remote_with_cache.aspx" >
      </TreeNode>
    </TreeNode>
    <TreeNode Text="UMEditor">
      <TreeNode Text="UMEditor" NavigateUrl="~/third-party/umeditor/umeditor.aspx" >
      </TreeNode>
      <TreeNode Text="UMEditor（两个编辑器）" NavigateUrl="~/third-party/umeditor/umeditor_two.aspx" >
      </TreeNode>
    </TreeNode>
    <TreeNode Text="UEditor">
      <TreeNode Text="UEditor" NavigateUrl="~/third-party/ueditor/ueditor.aspx" >
      </TreeNode>
      <TreeNode Text="UEditor（两个编辑器）" NavigateUrl="~/third-party/ueditor/ueditor_two.aspx" >
      </TreeNode>
    </TreeNode>
    <TreeNode Text="CKEditor">
      <TreeNode Text="CKEditor" NavigateUrl="~/third-party/ckeditor/ckeditor.aspx" >
      </TreeNode>
      <TreeNode Text="CKEditor（两个编辑器）" NavigateUrl="~/third-party/ckeditor/ckeditor_two.aspx" >
      </TreeNode>
    </TreeNode>
    <TreeNode Text="TinyMCE">
      <TreeNode Text="TinyMCE" NavigateUrl="~/third-party/tinymce/tinymce.aspx" >
      </TreeNode>
      <TreeNode Text="TinyMCE（两个编辑器）" NavigateUrl="~/third-party/tinymce/tinymce_two.aspx" >
      </TreeNode>
    </TreeNode>
  </TreeNode>
  <TreeNode Text="杂项" IsNew="true">
    <TreeNode Text="ASP.NET控件">
      <TreeNode Text="ASP.NET 控件" NavigateUrl="~/aspnet/aspnet.aspx" >
      </TreeNode>
      <TreeNode Text="Label与Literal的区别" NavigateUrl="~/aspnet/aspnet_literal.aspx" >
      </TreeNode>
    </TreeNode>
    <TreeNode Text="用户控件">
      <TreeNode Text="用户控件" NavigateUrl="~/usercontrol/userinfo.aspx" >
      </TreeNode>
      <TreeNode Text="动态添加用户控件" NavigateUrl="~/usercontrol/userinfo_dynamic.aspx" >
      </TreeNode>
      <TreeNode Text="用户控件与布局" NavigateUrl="~/usercontrol/userinfo2.aspx" >
      </TreeNode>
    </TreeNode>
    <TreeNode Text="母版页" IsNew="true">
      <TreeNode Text="树（布局）" NavigateUrl="~/master/simple.aspx" IsNew="true">
      </TreeNode>
      <TreeNode Text="表格（布局、接口与动态加载）" NavigateUrl="~/master/list.aspx" IsNew="true">
      </TreeNode>
      <TreeNode Text="表格与表单（布局、接口与动态加载）" NavigateUrl="~/master/formlist.aspx" IsNew="true">
      </TreeNode>
    </TreeNode>
    <TreeNode Text="消息框" IsNew="true">
      <TreeNode Text="创建对话框" NavigateUrl="~/message/alert.aspx" IsNew="true">
      </TreeNode>
      <TreeNode Text="自定义对话框图标" NavigateUrl="~/message/alert_custom_icon.aspx">
      </TreeNode>
      <TreeNode Text="响应确认对话框的按钮" NavigateUrl="~/message/confirm_cancel.aspx">
      </TreeNode>
      <TreeNode Text="响应确认对话框的按钮（推荐做法）" NavigateUrl="~/message/confirm_cancel2.aspx">
      </TreeNode>
      <TreeNode Text="输入对话框" NavigateUrl="~/message/prompt.aspx" IsNew="true">
      </TreeNode>
      <TreeNode Text="通知对话框" NavigateUrl="~/message/notify.aspx" IsNew="true">
      </TreeNode>
    </TreeNode>
    <TreeNode Text="页面回发提示" NavigateUrl="~/message/ajax_loading.aspx">
    </TreeNode>
    <TreeNode Text="定时器" NavigateUrl="~/other/timer.aspx" >
    </TreeNode>
    <TreeNode Text="自定义回发（__doPostBack）" NavigateUrl="~/other/custom_postback.aspx">
    </TreeNode>
    <TreeNode Text="自定义回发（F.customEvent）" NavigateUrl="~/other/custom_postback2.aspx">
    </TreeNode>
    <TreeNode Text="文本框改变客户端事件" NavigateUrl="~/other/keydown.aspx">
    </TreeNode>
    <TreeNode Text="CssClass属性" NavigateUrl="~/other/cssstyle.aspx">
    </TreeNode>
    <TreeNode Text="向父页面添加选项卡" NavigateUrl="~/other/addtab.aspx" IsNew="true">
    </TreeNode>
    <!--<TreeNode Text="测试" NavigateUrl="~/1111.html" IsNew="true">
    </TreeNode>-->
  </TreeNode>
</Tree>